Times played,Wins / draws / losses,Total rounds played,Rounds won,Win percent,Pistol rounds,Pistol rounds won,Pistol round win percent,CT round win percent,T round win percent,Group,Team,Map Name
34,22 / 0 / 12,724,390,64.7%,68,38,55.9%,55.1%,52.6%,europa_1,Natus Vincere,Ancient
0,0 / 0 / 0,0,0,0.0%,0,0,0.0%,0.0%,0.0%,europa_1,Vitality,Ancient
23,14 / 0 / 9,513,280,60.9%,46,28,60.9%,56.4%,52.9%,europa_1,MOUZ,Ancient
33,21 / 0 / 12,752,409,63.6%,66,40,60.6%,53.8%,54.9%,europa_1,FaZe,Ancient
22,8 / 0 / 14,479,224,36.4%,44,23,52.3%,50.4%,42.3%,europa_1,Falcons,Ancient
47,28 / 0 / 19,978,506,59.6%,94,46,48.9%,50.0%,53.5%,europa_1,BetBoom,Ancient
56,34 / 0 / 22,1165,619,60.7%,112,65,58.0%,54.1%,52.3%,europa_1,fnatic,Ancient
38,19 / 0 / 19,835,401,50.0%,76,27,35.5%,46.2%,50.1%,europa_1,GamerLegion,Ancient
45,25 / 0 / 20,995,523,55.6%,90,41,45.6%,53.3%,51.8%,europa_1,Sangal,Ancient
67,36 / 0 / 31,1505,768,53.7%,134,73,54.5%,50.3%,51.8%,europa_1,SINNERS,Ancient
48,26 / 0 / 22,1025,535,54.2%,96,48,50.0%,53.6%,50.6%,europa_1,ECLOT,Ancient
81,54 / 0 / 27,1779,995,66.7%,162,86,53.1%,56.9%,55.1%,europa_1,Nemiga,Ancient
29,14 / 0 / 15,641,326,48.3%,58,30,51.7%,49.7%,52.0%,europa_1,Cloud9,Ancient
54,27 / 0 / 27,1233,610,50.0%,108,56,51.9%,48.7%,50.2%,europa_1,Rebels,Ancient
41,23 / 0 / 18,887,451,56.1%,82,40,48.8%,50.2%,51.6%,europa_1,SAW,Ancient
37,19 / 0 / 18,832,418,51.4%,74,37,50.0%,51.4%,49.2%,europa_1,UNiTY,Ancient
28,18 / 0 / 10,586,305,64.3%,56,34,60.7%,49.2%,55.1%,europa_2,G2,Ancient
29,19 / 0 / 10,598,341,65.5%,58,34,58.6%,60.6%,53.5%,europa_2,Spirit,Ancient
2,0 / 0 / 2,45,19,0.0%,4,2,50.0%,38.1%,45.8%,europa_2,Eternal Fire,Ancient
40,22 / 0 / 18,925,475,55.0%,80,40,50.0%,53.4%,49.1%,europa_2,Virtus.pro,Ancient
36,22 / 0 / 14,784,412,61.1%,72,43,59.7%,48.0%,57.3%,europa_2,HEROIC,Ancient
27,16 / 0 / 11,571,308,59.3%,54,24,44.4%,56.3%,51.9%,europa_2,Astralis,Ancient
67,30 / 0 / 37,1431,685,44.8%,134,63,47.0%,45.1%,51.0%,europa_2,3DMAX,Ancient
37,23 / 0 / 14,843,432,62.2%,74,37,50.0%,47.9%,54.4%,europa_2,Ninjas in Pyjamas,Ancient
50,26 / 0 / 24,1067,543,52.0%,100,55,55.0%,53.7%,47.7%,europa_2,Aurora,Ancient
39,21 / 0 / 18,812,427,53.8%,78,51,65.4%,51.2%,53.7%,europa_2,TSM,Ancient
35,19 / 0 / 16,717,374,54.3%,70,38,54.3%,53.9%,50.3%,europa_2,PARIVISION,Ancient
69,39 / 0 / 30,1487,766,56.5%,138,69,50.0%,54.8%,48.4%,europa_2,B8,Ancient
76,45 / 0 / 31,1645,855,59.2%,152,79,52.0%,50.4%,53.4%,europa_2,Passion UA,Ancient
46,27 / 0 / 19,946,500,58.7%,92,49,53.3%,53.9%,51.6%,europa_2,9 Pandas,Ancient
51,30 / 0 / 21,1143,606,58.8%,102,52,51.0%,56.8%,49.7%,europa_2,BIG,Ancient
31,17 / 0 / 14,682,350,54.8%,62,28,45.2%,48.7%,54.5%,europa_2,Sashi,Ancient
31,26 / 0 / 5,674,395,83.9%,62,34,54.8%,61.0%,56.2%,america_rmr,Liquid,Ancient
19,9 / 0 / 10,408,203,47.4%,38,23,60.5%,44.1%,54.9%,america_rmr,FURIA,Ancient
41,28 / 0 / 13,827,461,68.3%,82,38,46.3%,53.0%,59.0%,america_rmr,9z,Ancient
27,11 / 0 / 16,590,279,40.7%,54,27,50.0%,41.2%,53.9%,america_rmr,Complexity,Ancient
2,2 / 0 / 0,39,26,100.0%,4,3,75.0%,57.1%,77.8%,america_rmr,paiN,Ancient
46,34 / 0 / 12,988,555,73.9%,92,50,54.3%,52.2%,59.6%,america_rmr,MIBR,Ancient
61,43 / 0 / 18,1241,715,70.5%,122,63,51.6%,58.1%,57.2%,america_rmr,M80,Ancient
3,1 / 0 / 2,61,26,33.3%,6,2,33.3%,36.7%,48.4%,america_rmr,Imperial,Ancient
52,27 / 0 / 25,1121,554,51.9%,104,52,50.0%,51.8%,47.1%,america_rmr,BOSS,Ancient
53,32 / 0 / 21,1139,616,60.4%,106,74,69.8%,54.6%,53.6%,america_rmr,Legacy,Ancient
57,39 / 0 / 18,1182,656,68.4%,114,67,58.8%,54.5%,56.7%,america_rmr,Nouns,Ancient
52,32 / 0 / 20,1111,590,61.5%,104,48,46.2%,54.2%,52.0%,america_rmr,Wildcard,Ancient
34,15 / 0 / 19,731,345,44.1%,68,30,44.1%,48.1%,46.4%,america_rmr,KRÜ,Ancient
48,24 / 0 / 24,1006,504,50.0%,96,45,46.9%,45.4%,55.2%,america_rmr,RED Canids,Ancient
43,19 / 0 / 24,957,472,44.2%,86,51,59.3%,47.8%,51.1%,america_rmr,BESTIA,Ancient
67,32 / 0 / 35,1463,723,47.8%,134,69,51.5%,48.9%,50.1%,america_rmr,Case,Ancient
49,36 / 0 / 13,1110,626,73.5%,98,55,56.1%,57.4%,55.5%,asia_rmr,The MongolZ,Ancient
25,16 / 0 / 9,521,279,64.0%,50,24,48.0%,52.5%,54.5%,asia_rmr,FlyQuest,Ancient
28,13 / 0 / 15,607,305,46.4%,56,31,55.4%,49.1%,51.7%,asia_rmr,Lynn Vision,Ancient
25,14 / 0 / 11,536,281,56.0%,50,22,44.0%,50.2%,54.3%,asia_rmr,Rare Atom,Ancient
7,2 / 0 / 5,177,80,28.6%,14,5,35.7%,43.6%,47.0%,asia_rmr,TALON,Ancient
25,14 / 0 / 11,557,282,56.0%,50,23,46.0%,47.6%,53.1%,asia_rmr,GR,Ancient
5,2 / 0 / 3,103,54,40.0%,10,5,50.0%,55.4%,48.9%,asia_rmr,Alter Ego,Ancient
16,9 / 0 / 7,375,192,56.2%,32,18,56.2%,45.3%,57.4%,asia_rmr,DRILLAS,Ancient
27,16 / 0 / 11,616,331,59.3%,54,37,68.5%,44.7%,62.4%,europa_1,Natus Vincere,Anubis
26,15 / 0 / 11,573,306,57.7%,52,23,44.2%,48.0%,58.4%,europa_1,Vitality,Anubis
0,0 / 0 / 0,0,0,0.0%,0,0,0.0%,0.0%,0.0%,europa_1,MOUZ,Anubis
21,10 / 0 / 11,490,242,47.6%,42,25,59.5%,44.8%,53.5%,europa_1,FaZe,Anubis
23,10 / 0 / 13,488,233,43.5%,46,15,32.6%,46.2%,49.2%,europa_1,Falcons,Anubis
42,23 / 0 / 19,901,463,54.8%,84,43,51.2%,46.0%,56.5%,europa_1,BetBoom,Anubis
35,15 / 0 / 20,799,390,42.9%,70,30,42.9%,44.2%,52.8%,europa_1,fnatic,Anubis
29,14 / 0 / 15,673,335,48.3%,58,32,55.2%,50.0%,49.5%,europa_1,GamerLegion,Anubis
57,35 / 0 / 22,1196,647,61.4%,114,64,56.1%,48.8%,59.6%,europa_1,Sangal,Anubis
49,23 / 0 / 26,1069,528,46.9%,98,45,45.9%,41.2%,56.2%,europa_1,SINNERS,Anubis
61,36 / 0 / 25,1339,693,59.0%,122,71,58.2%,45.5%,58.9%,europa_1,ECLOT,Anubis
57,36 / 0 / 21,1296,690,63.2%,114,60,52.6%,44.3%,60.9%,europa_1,Nemiga,Anubis
29,18 / 0 / 11,614,326,62.1%,58,36,62.1%,45.3%,61.5%,europa_1,Cloud9,Anubis
29,15 / 0 / 14,647,331,51.7%,58,32,55.2%,48.0%,53.8%,europa_1,Rebels,Anubis
36,21 / 0 / 15,756,401,58.3%,72,35,48.6%,44.7%,60.5%,europa_1,SAW,Anubis
34,22 / 0 / 12,751,397,64.7%,68,32,47.1%,46.9%,59.3%,europa_1,UNiTY,Anubis
34,20 / 0 / 14,741,392,58.8%,68,36,52.9%,52.7%,53.2%,europa_2,G2,Anubis
27,18 / 0 / 9,582,311,66.7%,54,27,50.0%,49.1%,58.7%,europa_2,Spirit,Anubis
28,18 / 0 / 10,660,360,64.3%,56,30,53.6%,51.2%,57.8%,europa_2,Eternal Fire,Anubis
20,11 / 0 / 9,427,216,55.0%,40,17,42.5%,43.3%,57.1%,europa_2,Virtus.pro,Anubis
30,15 / 0 / 15,644,330,50.0%,60,30,50.0%,44.6%,56.9%,europa_2,HEROIC,Anubis
0,0 / 0 / 0,0,0,0.0%,0,0,0.0%,0.0%,0.0%,europa_2,Astralis,Anubis
74,47 / 0 / 27,1559,836,63.5%,148,78,52.7%,48.0%,59.8%,europa_2,3DMAX,Anubis
13,5 / 0 / 8,268,124,38.5%,26,9,34.6%,39.1%,51.6%,europa_2,Ninjas in Pyjamas,Anubis
40,17 / 0 / 23,854,414,42.5%,80,43,53.8%,42.5%,54.5%,europa_2,Aurora,Anubis
6,3 / 0 / 3,129,65,50.0%,12,4,33.3%,41.4%,57.7%,europa_2,TSM,Anubis
30,14 / 0 / 16,616,295,46.7%,60,28,46.7%,44.2%,51.9%,europa_2,PARIVISION,Anubis
58,34 / 0 / 24,1285,660,58.6%,116,60,51.7%,43.9%,60.1%,europa_2,B8,Anubis
72,43 / 0 / 29,1606,850,59.7%,144,74,51.4%,47.5%,58.7%,europa_2,Passion UA,Anubis
55,27 / 0 / 28,1157,579,49.1%,110,48,43.6%,37.9%,60.7%,europa_2,9 Pandas,Anubis
27,12 / 0 / 15,582,282,44.4%,54,25,46.3%,47.0%,50.2%,europa_2,BIG,Anubis
39,16 / 0 / 23,826,396,41.0%,78,40,51.3%,37.1%,56.7%,europa_2,Sashi,Anubis
35,25 / 0 / 10,743,423,71.4%,70,37,52.9%,51.2%,63.2%,america_rmr,Liquid,Anubis
10,4 / 0 / 6,195,86,40.0%,20,9,45.0%,38.6%,48.6%,america_rmr,FURIA,Anubis
24,12 / 0 / 12,537,267,50.0%,48,27,56.2%,46.3%,52.5%,america_rmr,9z,Anubis
32,17 / 0 / 15,677,349,53.1%,64,32,50.0%,46.4%,57.8%,america_rmr,Complexity,Anubis
65,43 / 0 / 22,1345,733,66.2%,130,71,54.6%,48.0%,61.0%,america_rmr,paiN,Anubis
55,35 / 0 / 20,1190,647,63.6%,110,59,53.6%,46.5%,61.9%,america_rmr,MIBR,Anubis
44,28 / 0 / 16,978,534,63.6%,88,46,52.3%,47.2%,60.7%,america_rmr,M80,Anubis
44,26 / 0 / 18,919,492,59.1%,88,41,46.6%,48.9%,58.1%,america_rmr,Imperial,Anubis
27,13 / 0 / 14,568,278,48.1%,54,27,50.0%,44.4%,54.1%,america_rmr,BOSS,Anubis
34,18 / 0 / 16,760,390,52.9%,68,33,48.5%,46.4%,55.8%,america_rmr,Legacy,Anubis
10,7 / 0 / 3,199,122,70.0%,20,12,60.0%,54.7%,67.3%,america_rmr,Nouns,Anubis
29,20 / 0 / 9,603,338,69.0%,58,36,62.1%,59.5%,51.8%,america_rmr,Wildcard,Anubis
24,7 / 0 / 17,509,228,29.2%,48,26,54.2%,42.4%,46.8%,america_rmr,KRÜ,Anubis
49,29 / 0 / 20,1079,573,59.2%,98,48,49.0%,48.3%,58.9%,america_rmr,RED Canids,Anubis
67,33 / 0 / 34,1452,734,49.3%,134,72,53.7%,46.5%,55.0%,america_rmr,BESTIA,Anubis
0,0 / 0 / 0,0,0,0.0%,0,0,0.0%,0.0%,0.0%,america_rmr,Case,Anubis
29,15 / 0 / 14,612,315,51.7%,58,29,50.0%,48.0%,54.8%,asia_rmr,The MongolZ,Anubis
20,15 / 0 / 5,446,252,75.0%,40,26,65.0%,51.5%,61.6%,asia_rmr,FlyQuest,Anubis
28,15 / 0 / 13,574,298,53.6%,56,35,62.5%,45.6%,59.8%,asia_rmr,Lynn Vision,Anubis
24,14 / 0 / 10,482,249,58.3%,48,27,56.2%,48.8%,53.8%,asia_rmr,Rare Atom,Anubis
11,7 / 0 / 4,246,130,63.6%,22,13,59.1%,54.3%,50.9%,asia_rmr,TALON,Anubis
23,11 / 0 / 12,499,247,47.8%,46,16,34.8%,48.6%,50.4%,asia_rmr,GR,Anubis
3,2 / 0 / 1,57,34,66.7%,6,3,50.0%,52.4%,63.9%,asia_rmr,Alter Ego,Anubis
12,5 / 0 / 7,267,125,41.7%,24,9,37.5%,39.7%,53.2%,asia_rmr,DRILLAS,Anubis
17,13 / 0 / 4,362,204,76.5%,34,20,58.8%,57.1%,55.7%,europa_1,Natus Vincere,Dust2
23,16 / 0 / 7,467,272,69.6%,46,26,56.5%,54.5%,61.4%,europa_1,Vitality,Dust2
14,8 / 0 / 6,288,147,57.1%,28,13,46.4%,48.0%,55.6%,europa_1,MOUZ,Dust2
17,8 / 0 / 9,362,183,47.1%,34,17,50.0%,53.3%,48.2%,europa_1,FaZe,Dust2
19,10 / 0 / 9,442,224,52.6%,38,16,42.1%,53.6%,47.7%,europa_1,Falcons,Dust2
12,8 / 0 / 4,229,129,66.7%,24,14,58.3%,56.2%,56.5%,europa_1,BetBoom,Dust2
13,7 / 0 / 6,291,150,53.8%,26,15,57.7%,47.5%,55.3%,europa_1,fnatic,Dust2
12,5 / 0 / 7,252,116,41.7%,24,6,25.0%,56.7%,35.2%,europa_1,GamerLegion,Dust2
11,2 / 0 / 9,223,90,18.2%,22,8,36.4%,44.4%,34.4%,europa_1,Sangal,Dust2
39,21 / 0 / 18,823,425,53.8%,78,47,60.3%,49.1%,53.9%,europa_1,SINNERS,Dust2
23,12 / 0 / 11,497,249,52.2%,46,20,43.5%,51.0%,49.1%,europa_1,ECLOT,Dust2
19,11 / 0 / 8,447,238,57.9%,38,20,52.6%,50.8%,56.0%,europa_1,Nemiga,Dust2
14,7 / 0 / 7,321,173,50.0%,28,14,50.0%,52.3%,55.2%,europa_1,Cloud9,Dust2
12,5 / 0 / 7,270,127,41.7%,24,11,45.8%,42.4%,52.4%,europa_1,Rebels,Dust2
16,9 / 0 / 7,339,174,56.2%,32,18,56.2%,45.6%,58.0%,europa_1,SAW,Dust2
16,5 / 0 / 11,326,135,31.2%,32,10,31.2%,39.0%,43.7%,europa_1,UNiTY,Dust2
16,10 / 0 / 6,332,182,62.5%,32,18,56.2%,52.3%,57.5%,europa_2,G2,Dust2
16,11 / 0 / 5,331,186,68.8%,32,18,56.2%,56.8%,55.4%,europa_2,Spirit,Dust2
15,9 / 0 / 6,359,193,60.0%,30,19,63.3%,55.4%,52.4%,europa_2,Eternal Fire,Dust2
23,10 / 0 / 13,502,246,43.5%,46,20,43.5%,49.8%,48.4%,europa_2,Virtus.pro,Dust2
20,11 / 0 / 9,434,228,55.0%,40,17,42.5%,50.2%,55.0%,europa_2,HEROIC,Dust2
13,4 / 0 / 9,262,113,30.8%,26,10,38.5%,43.0%,43.3%,europa_2,Astralis,Dust2
29,18 / 0 / 11,680,351,62.1%,58,26,44.8%,53.3%,49.8%,europa_2,3DMAX,Dust2
6,1 / 0 / 5,110,37,16.7%,12,4,33.3%,28.8%,39.2%,europa_2,Ninjas in Pyjamas,Dust2
13,4 / 0 / 9,310,140,30.8%,26,10,38.5%,50.3%,40.4%,europa_2,Aurora,Dust2
14,7 / 0 / 7,331,169,50.0%,28,16,57.1%,45.5%,57.5%,europa_2,TSM,Dust2
9,7 / 0 / 2,192,105,77.8%,18,8,44.4%,53.3%,56.3%,europa_2,PARIVISION,Dust2
17,9 / 0 / 8,385,198,52.9%,34,21,61.8%,46.3%,56.3%,europa_2,B8,Dust2
29,13 / 0 / 16,631,324,44.8%,58,30,51.7%,53.9%,48.2%,europa_2,Passion UA,Dust2
27,21 / 0 / 6,584,337,77.8%,54,31,57.4%,51.1%,63.6%,europa_2,9 Pandas,Dust2
18,9 / 0 / 9,391,200,50.0%,36,16,44.4%,56.0%,46.5%,europa_2,BIG,Dust2
2,1 / 0 / 1,38,16,50.0%,4,3,75.0%,45.8%,35.7%,europa_2,Sashi,Dust2
14,7 / 0 / 7,288,138,50.0%,28,12,42.9%,48.3%,47.6%,america_rmr,Liquid,Dust2
17,11 / 0 / 6,392,203,64.7%,34,16,47.1%,53.3%,50.3%,america_rmr,FURIA,Dust2
28,14 / 0 / 14,599,303,50.0%,56,34,60.7%,50.2%,50.9%,america_rmr,9z,Dust2
10,5 / 0 / 5,239,115,50.0%,20,7,35.0%,53.2%,42.5%,america_rmr,Complexity,Dust2
22,15 / 0 / 7,461,261,68.2%,44,27,61.4%,56.7%,56.5%,america_rmr,paiN,Dust2
2,1 / 0 / 1,49,23,50.0%,4,2,50.0%,36.4%,55.6%,america_rmr,MIBR,Dust2
13,8 / 0 / 5,282,151,61.5%,26,9,34.6%,58.9%,47.8%,america_rmr,M80,Dust2
27,19 / 0 / 8,574,324,70.4%,54,32,59.3%,63.5%,49.7%,america_rmr,Imperial,Dust2
5,4 / 0 / 1,114,65,80.0%,10,8,80.0%,66.7%,45.1%,america_rmr,BOSS,Dust2
14,9 / 0 / 5,306,163,64.3%,28,16,57.1%,53.0%,53.6%,america_rmr,Legacy,Dust2
13,9 / 0 / 4,269,147,69.2%,26,12,46.2%,58.2%,50.8%,america_rmr,Nouns,Dust2
22,14 / 0 / 8,475,262,63.6%,44,24,54.5%,55.3%,55.1%,america_rmr,Wildcard,Dust2
28,15 / 0 / 13,594,306,53.6%,56,29,51.8%,49.8%,53.0%,america_rmr,KRÜ,Dust2
23,10 / 0 / 13,517,247,43.5%,46,21,45.7%,51.7%,42.9%,america_rmr,RED Canids,Dust2
37,21 / 0 / 16,775,403,56.8%,74,35,47.3%,56.8%,47.2%,america_rmr,BESTIA,Dust2
21,11 / 0 / 10,452,230,52.4%,42,23,54.8%,52.5%,49.4%,america_rmr,Case,Dust2
10,7 / 0 / 3,203,113,70.0%,20,13,65.0%,52.1%,61.0%,asia_rmr,The MongolZ,Dust2
7,4 / 0 / 3,127,70,57.1%,14,5,35.7%,57.3%,51.9%,asia_rmr,FlyQuest,Dust2
15,9 / 0 / 6,317,170,60.0%,30,16,53.3%,56.0%,51.7%,asia_rmr,Lynn Vision,Dust2
9,4 / 0 / 5,191,92,44.4%,18,12,66.7%,45.6%,50.5%,asia_rmr,Rare Atom,Dust2
6,3 / 0 / 3,115,58,50.0%,12,7,58.3%,52.5%,48.1%,asia_rmr,TALON,Dust2
4,2 / 0 / 2,86,45,50.0%,8,4,50.0%,39.0%,64.4%,asia_rmr,GR,Dust2
5,4 / 0 / 1,94,59,80.0%,10,5,50.0%,64.1%,61.8%,asia_rmr,Alter Ego,Dust2
5,3 / 0 / 2,107,58,60.0%,10,7,70.0%,45.8%,61.0%,asia_rmr,DRILLAS,Dust2
25,14 / 0 / 11,525,275,56.0%,50,25,50.0%,51.0%,54.1%,europa_1,Natus Vincere,Inferno
30,20 / 0 / 10,679,374,66.7%,60,34,56.7%,50.4%,60.5%,europa_1,Vitality,Inferno
20,11 / 0 / 9,474,245,55.0%,40,22,55.0%,51.4%,51.9%,europa_1,MOUZ,Inferno
28,19 / 0 / 9,598,325,67.9%,56,25,44.6%,54.5%,54.2%,europa_1,FaZe,Inferno
1,0 / 0 / 1,17,4,0.0%,2,1,50.0%,60.0%,8.3%,europa_1,Falcons,Inferno
2,1 / 0 / 1,37,19,50.0%,4,1,25.0%,53.8%,50.0%,europa_1,BetBoom,Inferno
30,15 / 0 / 15,655,340,50.0%,60,32,53.3%,50.2%,53.6%,europa_1,fnatic,Inferno
15,6 / 0 / 9,305,134,40.0%,30,15,50.0%,37.6%,50.7%,europa_1,GamerLegion,Inferno
1,0 / 0 / 1,19,6,0.0%,2,0,0.0%,41.7%,14.3%,europa_1,Sangal,Inferno
64,33 / 0 / 31,1421,694,51.6%,128,63,49.2%,45.4%,51.9%,europa_1,SINNERS,Inferno
29,18 / 0 / 11,624,332,62.1%,58,29,50.0%,52.8%,53.7%,europa_1,ECLOT,Inferno
33,18 / 0 / 15,731,357,54.5%,66,32,48.5%,49.3%,48.4%,europa_1,Nemiga,Inferno
15,7 / 0 / 8,323,163,46.7%,30,16,53.3%,47.2%,53.7%,europa_1,Cloud9,Inferno
4,0 / 0 / 4,75,23,0.0%,8,4,50.0%,22.2%,43.3%,europa_1,Rebels,Inferno
27,15 / 0 / 12,589,308,55.6%,54,28,51.9%,48.4%,56.6%,europa_1,SAW,Inferno
0,0 / 0 / 0,0,0,0.0%,0,0,0.0%,0.0%,0.0%,europa_1,UNiTY,Inferno
37,27 / 0 / 10,813,451,73.0%,74,46,62.2%,56.1%,54.9%,europa_2,G2,Inferno
0,0 / 0 / 0,0,0,0.0%,0,0,0.0%,0.0%,0.0%,europa_2,Spirit,Inferno
25,16 / 0 / 9,550,299,64.0%,50,23,46.0%,54.9%,53.8%,europa_2,Eternal Fire,Inferno
21,12 / 0 / 9,434,225,57.1%,42,22,52.4%,50.0%,53.7%,europa_2,Virtus.pro,Inferno
2,0 / 0 / 2,40,14,0.0%,4,2,50.0%,33.3%,37.5%,europa_2,HEROIC,Inferno
19,12 / 0 / 7,405,219,63.2%,38,14,36.8%,52.2%,55.6%,europa_2,Astralis,Inferno
48,34 / 0 / 14,1066,584,70.8%,96,56,58.3%,54.0%,55.5%,europa_2,3DMAX,Inferno
13,6 / 0 / 7,271,126,46.2%,26,14,53.8%,40.0%,53.4%,europa_2,Ninjas in Pyjamas,Inferno
29,12 / 0 / 17,624,305,41.4%,58,24,41.4%,45.4%,53.0%,europa_2,Aurora,Inferno
52,32 / 0 / 20,1098,581,61.5%,104,53,51.0%,51.5%,54.1%,europa_2,TSM,Inferno
0,0 / 0 / 0,0,0,0.0%,0,0,0.0%,0.0%,0.0%,europa_2,PARIVISION,Inferno
31,19 / 0 / 12,677,366,61.3%,62,35,56.5%,53.7%,54.5%,europa_2,B8,Inferno
44,21 / 0 / 23,892,425,47.7%,88,36,40.9%,41.9%,53.9%,europa_2,Passion UA,Inferno
34,22 / 0 / 12,771,421,64.7%,68,32,47.1%,54.7%,54.5%,europa_2,9 Pandas,Inferno
12,5 / 0 / 7,265,132,41.7%,24,12,50.0%,50.7%,48.8%,europa_2,BIG,Inferno
19,14 / 0 / 5,424,230,73.7%,38,15,39.5%,50.5%,57.7%,europa_2,Sashi,Inferno
35,22 / 0 / 13,773,408,62.9%,70,35,50.0%,52.8%,52.8%,america_rmr,Liquid,Inferno
23,14 / 0 / 9,507,266,60.9%,46,22,47.8%,47.3%,57.1%,america_rmr,FURIA,Inferno
23,10 / 0 / 13,540,265,43.5%,46,26,56.5%,50.7%,47.2%,america_rmr,9z,Inferno
16,6 / 0 / 10,354,166,37.5%,32,20,62.5%,44.9%,49.1%,america_rmr,Complexity,Inferno
43,28 / 0 / 15,989,531,65.1%,86,53,61.6%,57.0%,49.7%,america_rmr,paiN,Inferno
21,14 / 0 / 7,443,242,66.7%,42,19,45.2%,53.0%,56.5%,america_rmr,MIBR,Inferno
27,13 / 0 / 14,599,302,48.1%,54,27,50.0%,47.8%,53.4%,america_rmr,M80,Inferno
49,28 / 0 / 21,1064,573,57.1%,98,52,53.1%,55.2%,52.6%,america_rmr,Imperial,Inferno
14,2 / 0 / 12,281,103,14.3%,28,12,42.9%,31.5%,42.2%,america_rmr,BOSS,Inferno
34,24 / 0 / 10,693,384,70.6%,68,40,58.8%,58.3%,52.9%,america_rmr,Legacy,Inferno
31,14 / 0 / 17,627,311,45.2%,62,27,43.5%,49.4%,49.8%,america_rmr,Nouns,Inferno
33,18 / 0 / 15,690,346,54.5%,66,37,56.1%,47.2%,53.0%,america_rmr,Wildcard,Inferno
5,0 / 0 / 5,108,43,0.0%,10,3,30.0%,41.7%,37.5%,america_rmr,KRÜ,Inferno
0,0 / 0 / 0,0,0,0.0%,0,0,0.0%,0.0%,0.0%,america_rmr,RED Canids,Inferno
59,37 / 0 / 22,1339,717,62.7%,118,68,57.6%,54.6%,52.6%,america_rmr,BESTIA,Inferno
70,35 / 0 / 35,1612,809,50.0%,140,63,45.0%,49.1%,51.2%,america_rmr,Case,Inferno
30,23 / 0 / 7,714,411,76.7%,60,40,66.7%,56.2%,58.9%,asia_rmr,The MongolZ,Inferno
16,11 / 0 / 5,350,200,68.8%,32,15,46.9%,56.3%,57.9%,asia_rmr,FlyQuest,Inferno
19,10 / 0 / 9,419,202,52.6%,38,16,42.1%,48.1%,48.3%,asia_rmr,Lynn Vision,Inferno
24,15 / 0 / 9,532,281,62.5%,48,29,60.4%,45.1%,60.0%,asia_rmr,Rare Atom,Inferno
6,2 / 0 / 4,133,59,33.3%,12,6,50.0%,37.3%,53.4%,asia_rmr,TALON,Inferno
6,4 / 0 / 2,146,78,66.7%,12,3,25.0%,52.1%,54.8%,asia_rmr,GR,Inferno
0,0 / 0 / 0,0,0,0.0%,0,0,0.0%,0.0%,0.0%,asia_rmr,Alter Ego,Inferno
1,0 / 0 / 1,22,9,0.0%,2,1,50.0%,20.0%,58.3%,asia_rmr,DRILLAS,Inferno
38,27 / 0 / 11,789,441,71.1%,76,40,52.6%,56.4%,55.4%,europa_1,Natus Vincere,Mirage
27,19 / 0 / 8,639,362,70.4%,54,31,57.4%,61.6%,51.6%,europa_1,Vitality,Mirage
34,23 / 0 / 11,693,395,67.6%,68,36,52.9%,62.5%,52.1%,europa_1,MOUZ,Mirage
31,20 / 0 / 11,693,372,64.5%,62,29,46.8%,57.6%,49.6%,europa_1,FaZe,Mirage
21,8 / 0 / 13,431,210,38.1%,42,21,50.0%,53.5%,42.5%,europa_1,Falcons,Mirage
46,31 / 0 / 15,992,541,67.4%,92,52,56.5%,56.3%,53.1%,europa_1,BetBoom,Mirage
19,5 / 0 / 14,410,186,26.3%,38,18,47.4%,52.5%,36.9%,europa_1,fnatic,Mirage
39,20 / 0 / 19,895,440,51.3%,78,34,43.6%,49.4%,48.9%,europa_1,GamerLegion,Mirage
43,31 / 0 / 12,995,546,72.1%,86,54,62.8%,60.6%,49.2%,europa_1,Sangal,Mirage
65,29 / 0 / 36,1417,700,44.6%,130,65,50.0%,50.7%,47.9%,europa_1,SINNERS,Mirage
65,39 / 0 / 26,1447,761,60.0%,130,61,46.9%,53.5%,51.7%,europa_1,ECLOT,Mirage
26,14 / 0 / 12,578,303,53.8%,52,26,50.0%,51.1%,54.2%,europa_1,Nemiga,Mirage
30,16 / 0 / 14,629,332,53.3%,60,32,53.3%,55.9%,50.0%,europa_1,Cloud9,Mirage
37,13 / 0 / 24,829,384,35.1%,74,35,47.3%,50.8%,41.1%,europa_1,Rebels,Mirage
0,0 / 0 / 0,0,0,0.0%,0,0,0.0%,0.0%,0.0%,europa_1,SAW,Mirage
25,12 / 0 / 13,525,257,48.0%,50,21,42.0%,49.4%,48.5%,europa_1,UNiTY,Mirage
22,12 / 0 / 10,449,226,54.5%,44,29,65.9%,48.4%,52.1%,europa_2,G2,Mirage
37,23 / 0 / 14,778,423,62.2%,74,41,55.4%,59.8%,48.5%,europa_2,Spirit,Mirage
25,11 / 0 / 14,558,276,44.0%,50,24,48.0%,53.4%,44.5%,europa_2,Eternal Fire,Mirage
28,18 / 0 / 10,600,317,64.3%,56,28,50.0%,56.7%,49.7%,europa_2,Virtus.pro,Mirage
34,21 / 0 / 13,740,379,61.8%,68,32,47.1%,58.9%,44.0%,europa_2,HEROIC,Mirage
24,12 / 0 / 12,558,289,50.0%,48,22,45.8%,52.9%,50.6%,europa_2,Astralis,Mirage
2,0 / 0 / 2,32,6,0.0%,4,0,0.0%,20.8%,12.5%,europa_2,3DMAX,Mirage
19,4 / 0 / 15,457,201,21.1%,38,12,31.6%,46.4%,41.3%,europa_2,Ninjas in Pyjamas,Mirage
59,40 / 0 / 19,1274,700,67.8%,118,61,51.7%,57.3%,52.9%,europa_2,Aurora,Mirage
50,29 / 0 / 21,1098,562,58.0%,100,40,40.0%,52.4%,50.1%,europa_2,TSM,Mirage
51,30 / 0 / 21,1151,597,58.8%,102,54,52.9%,57.6%,47.0%,europa_2,PARIVISION,Mirage
88,53 / 0 / 35,1975,1064,60.2%,176,93,52.8%,56.8%,51.0%,europa_2,B8,Mirage
77,39 / 0 / 38,1763,896,50.6%,154,71,46.1%,53.2%,48.4%,europa_2,Passion UA,Mirage
40,24 / 0 / 16,857,451,60.0%,80,39,48.8%,53.6%,51.4%,europa_2,9 Pandas,Mirage
12,5 / 0 / 7,248,113,41.7%,24,10,41.7%,46.7%,44.2%,europa_2,BIG,Mirage
52,27 / 0 / 25,1178,599,51.9%,104,52,50.0%,49.1%,52.7%,europa_2,Sashi,Mirage
25,12 / 0 / 13,508,241,48.0%,50,23,46.0%,51.1%,43.5%,america_rmr,Liquid,Mirage
33,15 / 0 / 18,700,328,45.5%,66,30,45.5%,49.6%,44.1%,america_rmr,FURIA,Mirage
33,14 / 0 / 19,692,331,42.4%,66,37,56.1%,48.9%,46.8%,america_rmr,9z,Mirage
0,0 / 0 / 0,0,0,0.0%,0,0,0.0%,0.0%,0.0%,america_rmr,Complexity,Mirage
49,29 / 0 / 20,1036,545,59.2%,98,44,44.9%,53.6%,51.5%,america_rmr,paiN,Mirage
34,13 / 0 / 21,731,340,38.2%,68,33,48.5%,46.6%,46.4%,america_rmr,MIBR,Mirage
26,14 / 0 / 12,516,282,53.8%,52,25,48.1%,60.2%,47.6%,america_rmr,M80,Mirage
58,42 / 0 / 16,1269,698,72.4%,116,60,51.7%,58.9%,51.5%,america_rmr,Imperial,Mirage
26,12 / 0 / 14,572,271,46.2%,52,27,51.9%,42.3%,53.2%,america_rmr,BOSS,Mirage
32,21 / 0 / 11,688,381,65.6%,64,36,56.2%,55.9%,54.8%,america_rmr,Legacy,Mirage
54,38 / 0 / 16,1169,645,70.4%,108,60,55.6%,55.5%,54.9%,america_rmr,Nouns,Mirage
11,6 / 0 / 5,218,107,54.5%,22,14,63.6%,50.5%,47.9%,america_rmr,Wildcard,Mirage
13,5 / 0 / 8,306,141,38.5%,26,10,38.5%,52.8%,40.2%,america_rmr,KRÜ,Mirage
65,40 / 0 / 25,1442,752,61.5%,130,76,58.5%,55.7%,48.8%,america_rmr,RED Canids,Mirage
56,33 / 0 / 23,1156,616,58.9%,112,58,51.8%,53.5%,53.0%,america_rmr,BESTIA,Mirage
64,29 / 0 / 35,1344,666,45.3%,128,58,45.3%,51.8%,47.3%,america_rmr,Case,Mirage
47,29 / 0 / 18,1014,552,61.7%,94,56,59.6%,53.0%,55.6%,asia_rmr,The MongolZ,Mirage
9,4 / 0 / 5,183,96,44.4%,18,12,66.7%,54.7%,50.0%,asia_rmr,FlyQuest,Mirage
0,0 / 0 / 0,0,0,0.0%,0,0,0.0%,0.0%,0.0%,asia_rmr,Lynn Vision,Mirage
20,7 / 0 / 13,450,206,35.0%,40,17,42.5%,49.8%,41.9%,asia_rmr,Rare Atom,Mirage
6,1 / 0 / 5,120,50,16.7%,12,5,41.7%,41.7%,41.7%,asia_rmr,TALON,Mirage
11,3 / 0 / 8,239,104,27.3%,22,9,40.9%,45.4%,41.7%,asia_rmr,GR,Mirage
4,4 / 0 / 0,90,55,100.0%,8,5,62.5%,54.8%,66.7%,asia_rmr,Alter Ego,Mirage
13,9 / 0 / 4,287,160,69.2%,26,13,50.0%,50.0%,60.4%,asia_rmr,DRILLAS,Mirage
31,16 / 0 / 15,678,344,51.6%,62,30,48.4%,53.2%,48.2%,europa_1,Natus Vincere,Nuke
30,22 / 0 / 8,640,369,73.3%,60,34,56.7%,61.5%,53.7%,europa_1,Vitality,Nuke
31,19 / 0 / 12,642,349,61.3%,62,29,46.8%,58.7%,49.8%,europa_1,MOUZ,Nuke
44,25 / 0 / 19,971,500,56.8%,88,51,58.0%,55.6%,48.1%,europa_1,FaZe,Nuke
33,15 / 0 / 18,731,357,45.5%,66,32,48.5%,50.0%,47.9%,europa_1,Falcons,Nuke
42,22 / 0 / 20,858,426,52.4%,84,44,52.4%,48.3%,50.9%,europa_1,BetBoom,Nuke
7,4 / 0 / 3,153,75,57.1%,14,8,57.1%,52.4%,45.1%,europa_1,fnatic,Nuke
33,15 / 0 / 18,706,340,45.5%,66,26,39.4%,55.4%,39.6%,europa_1,GamerLegion,Nuke
47,27 / 0 / 20,1054,532,57.4%,94,47,50.0%,54.9%,46.3%,europa_1,Sangal,Nuke
74,44 / 0 / 30,1628,834,59.5%,148,79,53.4%,54.9%,48.1%,europa_1,SINNERS,Nuke
60,30 / 0 / 30,1291,636,50.0%,120,66,55.0%,50.2%,48.3%,europa_1,ECLOT,Nuke
14,6 / 0 / 8,283,137,42.9%,28,13,46.4%,51.9%,43.8%,europa_1,Nemiga,Nuke
12,4 / 0 / 8,271,124,33.3%,24,11,45.8%,43.2%,48.5%,europa_1,Cloud9,Nuke
44,23 / 0 / 21,970,492,52.3%,88,43,48.9%,58.9%,43.5%,europa_1,Rebels,Nuke
62,45 / 0 / 17,1362,765,72.6%,124,66,53.2%,60.8%,52.3%,europa_1,SAW,Nuke
27,8 / 0 / 19,630,290,29.6%,54,32,59.3%,48.8%,43.2%,europa_1,UNiTY,Nuke
29,18 / 0 / 11,600,321,62.1%,58,31,53.4%,58.3%,48.0%,europa_2,G2,Nuke
31,22 / 0 / 9,723,388,71.0%,62,30,48.4%,58.9%,48.3%,europa_2,Spirit,Nuke
28,17 / 0 / 11,596,312,60.7%,56,28,50.0%,56.2%,47.5%,europa_2,Eternal Fire,Nuke
0,0 / 0 / 0,0,0,0.0%,0,0,0.0%,0.0%,0.0%,europa_2,Virtus.pro,Nuke
42,21 / 0 / 21,891,465,50.0%,84,48,57.1%,57.3%,47.5%,europa_2,HEROIC,Nuke
23,12 / 0 / 11,479,249,52.2%,46,26,56.5%,60.6%,42.5%,europa_2,Astralis,Nuke
60,35 / 0 / 25,1317,691,58.3%,120,62,51.7%,58.6%,46.3%,europa_2,3DMAX,Nuke
21,6 / 0 / 15,424,183,28.6%,42,19,45.2%,51.3%,33.3%,europa_2,Ninjas in Pyjamas,Nuke
50,31 / 0 / 19,1023,550,62.0%,100,50,50.0%,56.8%,50.7%,europa_2,Aurora,Nuke
38,21 / 0 / 17,817,409,55.3%,76,30,39.5%,53.5%,46.8%,europa_2,TSM,Nuke
27,12 / 0 / 15,595,290,44.4%,54,27,50.0%,53.0%,43.9%,europa_2,PARIVISION,Nuke
52,30 / 0 / 22,1150,592,57.7%,104,49,47.1%,55.2%,47.7%,europa_2,B8,Nuke
0,0 / 0 / 0,0,0,0.0%,0,0,0.0%,0.0%,0.0%,europa_2,Passion UA,Nuke
58,33 / 0 / 25,1221,661,56.9%,116,64,55.2%,56.6%,51.8%,europa_2,9 Pandas,Nuke
17,8 / 0 / 9,345,168,47.1%,34,17,50.0%,51.6%,45.3%,europa_2,BIG,Nuke
57,35 / 0 / 22,1271,674,61.4%,114,61,53.5%,54.2%,52.1%,europa_2,Sashi,Nuke
30,13 / 0 / 17,673,337,43.3%,60,32,53.3%,58.5%,40.8%,america_rmr,Liquid,Nuke
38,24 / 0 / 14,799,433,63.2%,76,43,56.6%,56.3%,52.3%,america_rmr,FURIA,Nuke
50,29 / 0 / 21,1124,601,58.0%,100,55,55.0%,56.1%,51.3%,america_rmr,9z,Nuke
21,8 / 0 / 13,447,207,38.1%,42,22,52.4%,51.5%,40.3%,america_rmr,Complexity,Nuke
78,54 / 0 / 24,1627,908,69.2%,156,77,49.4%,62.7%,49.3%,america_rmr,paiN,Nuke
49,31 / 0 / 18,1011,541,63.3%,98,55,56.1%,53.3%,53.8%,america_rmr,MIBR,Nuke
7,4 / 0 / 3,137,73,57.1%,14,6,42.9%,58.6%,47.8%,america_rmr,M80,Nuke
64,38 / 0 / 26,1340,727,59.4%,128,78,60.9%,55.3%,53.0%,america_rmr,Imperial,Nuke
16,5 / 0 / 11,344,160,31.2%,32,14,43.8%,47.0%,46.0%,america_rmr,BOSS,Nuke
19,11 / 0 / 8,429,230,57.9%,38,24,63.2%,63.7%,43.5%,america_rmr,Legacy,Nuke
32,20 / 0 / 12,704,382,62.5%,64,36,56.2%,58.7%,50.0%,america_rmr,Nouns,Nuke
22,13 / 0 / 9,488,258,59.1%,44,19,43.2%,61.8%,43.5%,america_rmr,Wildcard,Nuke
30,14 / 0 / 16,667,329,46.7%,60,32,53.3%,57.6%,41.2%,america_rmr,KRÜ,Nuke
58,36 / 0 / 22,1283,687,62.1%,116,57,49.1%,60.1%,46.7%,america_rmr,RED Canids,Nuke
38,20 / 0 / 18,746,378,52.6%,76,34,44.7%,54.9%,45.5%,america_rmr,BESTIA,Nuke
64,31 / 0 / 33,1456,719,48.4%,128,59,46.1%,50.2%,48.5%,america_rmr,Case,Nuke
32,18 / 0 / 14,662,356,56.2%,64,39,60.9%,58.6%,48.0%,asia_rmr,The MongolZ,Nuke
14,9 / 0 / 5,295,169,64.3%,28,11,39.3%,59.6%,54.3%,asia_rmr,FlyQuest,Nuke
21,9 / 0 / 12,412,197,42.9%,42,25,59.5%,52.8%,43.2%,asia_rmr,Lynn Vision,Nuke
0,0 / 0 / 0,0,0,0.0%,0,0,0.0%,0.0%,0.0%,asia_rmr,Rare Atom,Nuke
0,0 / 0 / 0,0,0,0.0%,0,0,0.0%,0.0%,0.0%,asia_rmr,TALON,Nuke
3,1 / 0 / 2,61,26,33.3%,6,2,33.3%,48.1%,38.2%,asia_rmr,GR,Nuke
2,1 / 0 / 1,32,17,50.0%,4,1,25.0%,64.7%,40.0%,asia_rmr,Alter Ego,Nuke
5,2 / 0 / 3,103,48,40.0%,10,7,70.0%,38.3%,58.1%,asia_rmr,DRILLAS,Nuke
0,0 / 0 / 0,0,0,0.0%,0,0,0.0%,0.0%,0.0%,europa_1,Natus Vincere,Vertigo
15,11 / 0 / 4,334,185,73.3%,30,15,50.0%,46.5%,64.6%,europa_1,Vitality,Vertigo
24,13 / 0 / 11,578,297,54.2%,48,24,50.0%,50.2%,52.7%,europa_1,MOUZ,Vertigo
7,4 / 0 / 3,149,73,57.1%,14,8,57.1%,47.7%,50.8%,europa_1,FaZe,Vertigo
25,13 / 0 / 12,563,279,52.0%,50,24,48.0%,49.7%,49.4%,europa_1,Falcons,Vertigo
22,7 / 0 / 15,465,206,31.8%,44,19,43.2%,38.7%,50.0%,europa_1,BetBoom,Vertigo
33,18 / 0 / 15,726,386,54.5%,66,37,56.1%,52.9%,53.4%,europa_1,fnatic,Vertigo
29,14 / 0 / 15,662,333,48.3%,58,27,46.6%,51.1%,49.5%,europa_1,GamerLegion,Vertigo
33,19 / 0 / 14,703,371,57.6%,66,33,50.0%,48.4%,57.1%,europa_1,Sangal,Vertigo
7,6 / 0 / 1,152,88,85.7%,14,9,64.3%,57.1%,58.5%,europa_1,SINNERS,Vertigo
9,2 / 0 / 7,184,72,22.2%,18,9,50.0%,35.8%,43.6%,europa_1,ECLOT,Vertigo
31,18 / 0 / 13,667,344,58.1%,62,29,46.8%,47.6%,55.6%,europa_1,Nemiga,Vertigo
5,3 / 0 / 2,105,56,60.0%,10,5,50.0%,45.8%,59.6%,europa_1,Cloud9,Vertigo
31,19 / 0 / 12,681,373,61.3%,62,43,69.4%,50.9%,58.1%,europa_1,Rebels,Vertigo
32,16 / 0 / 16,673,346,50.0%,64,33,51.6%,50.3%,52.3%,europa_1,SAW,Vertigo
14,4 / 0 / 10,309,141,28.6%,28,15,53.6%,50.9%,39.0%,europa_1,UNiTY,Vertigo
10,5 / 0 / 5,240,124,50.0%,20,8,40.0%,44.6%,60.0%,europa_2,G2,Vertigo
13,8 / 0 / 5,268,150,61.5%,26,12,46.2%,53.4%,59.0%,europa_2,Spirit,Vertigo
26,17 / 0 / 9,558,313,65.4%,52,26,50.0%,54.7%,57.4%,europa_2,Eternal Fire,Vertigo
24,10 / 0 / 14,528,249,41.7%,48,22,45.8%,45.7%,48.8%,europa_2,Virtus.pro,Vertigo
24,13 / 0 / 11,587,296,54.2%,48,22,45.8%,45.3%,56.1%,europa_2,HEROIC,Vertigo
19,8 / 0 / 11,428,214,42.1%,38,24,63.2%,45.5%,54.3%,europa_2,Astralis,Vertigo
26,16 / 0 / 10,589,305,61.5%,52,29,55.8%,48.5%,55.0%,europa_2,3DMAX,Vertigo
27,12 / 0 / 15,592,295,44.4%,54,27,50.0%,52.6%,47.5%,europa_2,Ninjas in Pyjamas,Vertigo
1,1 / 0 / 0,16,13,100.0%,2,2,100.0%,75.0%,100.0%,europa_2,Aurora,Vertigo
19,10 / 0 / 9,406,209,52.6%,38,17,44.7%,51.0%,51.9%,europa_2,TSM,Vertigo
23,7 / 0 / 16,489,207,30.4%,46,15,32.6%,38.7%,45.9%,europa_2,PARIVISION,Vertigo
5,5 / 0 / 0,116,68,100.0%,10,6,60.0%,44.3%,74.5%,europa_2,B8,Vertigo
54,36 / 0 / 18,1157,639,66.7%,108,67,62.0%,52.1%,58.0%,europa_2,Passion UA,Vertigo
2,0 / 0 / 2,38,12,0.0%,4,1,25.0%,42.9%,25.0%,europa_2,9 Pandas,Vertigo
29,17 / 0 / 12,657,338,58.6%,58,26,44.8%,50.6%,52.2%,europa_2,BIG,Vertigo
44,26 / 0 / 18,957,503,59.1%,88,45,51.1%,50.0%,55.2%,europa_2,Sashi,Vertigo
0,0 / 0 / 0,0,0,0.0%,0,0,0.0%,0.0%,0.0%,america_rmr,Liquid,Vertigo
19,10 / 0 / 9,396,202,52.6%,38,16,42.1%,53.1%,49.0%,america_rmr,FURIA,Vertigo
0,0 / 0 / 0,0,0,0.0%,0,0,0.0%,0.0%,0.0%,america_rmr,9z,Vertigo
30,22 / 0 / 8,721,395,73.3%,60,31,51.7%,59.0%,50.8%,america_rmr,Complexity,Vertigo
55,38 / 0 / 17,1188,668,69.1%,110,69,62.7%,55.3%,57.3%,america_rmr,paiN,Vertigo
49,31 / 0 / 18,1034,571,63.3%,98,63,64.3%,56.7%,54.0%,america_rmr,MIBR,Vertigo
32,23 / 0 / 9,673,384,71.9%,64,40,62.5%,52.8%,60.9%,america_rmr,M80,Vertigo
29,14 / 0 / 15,630,315,48.3%,58,30,51.7%,53.2%,46.1%,america_rmr,Imperial,Vertigo
30,13 / 0 / 17,644,313,43.3%,60,25,41.7%,49.9%,47.2%,america_rmr,BOSS,Vertigo
7,3 / 0 / 4,154,72,42.9%,14,7,50.0%,46.7%,46.8%,america_rmr,Legacy,Vertigo
34,17 / 0 / 17,718,367,50.0%,68,33,48.5%,46.8%,55.1%,america_rmr,Nouns,Vertigo
30,21 / 0 / 9,646,361,70.0%,60,33,55.0%,52.9%,58.7%,america_rmr,Wildcard,Vertigo
9,5 / 0 / 4,176,87,55.6%,18,7,38.9%,54.8%,41.7%,america_rmr,KRÜ,Vertigo
31,16 / 0 / 15,646,337,51.6%,62,30,48.4%,52.7%,51.6%,america_rmr,RED Canids,Vertigo
0,0 / 0 / 0,0,0,0.0%,0,0,0.0%,0.0%,0.0%,america_rmr,BESTIA,Vertigo
34,16 / 0 / 18,723,354,47.1%,68,33,48.5%,48.4%,49.5%,america_rmr,Case,Vertigo
0,0 / 0 / 0,0,0,0.0%,0,0,0.0%,0.0%,0.0%,asia_rmr,The MongolZ,Vertigo
11,7 / 0 / 4,245,139,63.6%,22,10,45.5%,58.2%,55.3%,asia_rmr,FlyQuest,Vertigo
7,2 / 0 / 5,150,72,28.6%,14,7,50.0%,44.0%,53.0%,asia_rmr,Lynn Vision,Vertigo
12,7 / 0 / 5,254,134,58.3%,24,13,54.2%,49.6%,56.3%,asia_rmr,Rare Atom,Vertigo
8,4 / 0 / 4,180,92,50.0%,16,9,56.2%,48.9%,53.4%,asia_rmr,TALON,Vertigo
1,0 / 0 / 1,21,8,0.0%,2,0,0.0%,16.7%,66.7%,asia_rmr,GR,Vertigo
0,0 / 0 / 0,0,0,0.0%,0,0,0.0%,0.0%,0.0%,asia_rmr,Alter Ego,Vertigo
3,3 / 0 / 0,53,39,100.0%,6,4,66.7%,61.5%,85.2%,asia_rmr,DRILLAS,Vertigo
